"year","month","total_revenue","order_volume"
"2019","1","1813586.44","9262"
"2019","2","2202022.42","11496"
"2019","3","2807100.38","14549"
"2019","4","3390670.24","17528"
"2019","5","3152606.75","15836"
"2019","6","2577802.26","12989"
"2019","7","2647775.76","13761"
"2019","8","2244467.88","11484"
"2019","9","2097560.13","11202"
"2019","10","3736726.88","19436"
"2019","11","3199603.20","16859"
"2019","12","4613443.34","24004"
"2020","1","8670.29","31"
